seed,tau_b_resume_only,tau_b_fused,tau_b_gain,ndcg_resume_only,ndcg_fused,ndcg_gain,precision_resume_only,precision_fused,mrr_resume_only,mrr_fused
20260923,0.170101,0.547071,0.37697,0.608702,0.944033,0.335331,0.3,0.5,0.5,1.0
20260924,0.170909,0.539798,0.368889,0.577266,0.902861,0.325595,0.2,0.4,0.333333,1.0
20260925,0.193939,0.580202,0.386263,0.649506,0.931118,0.281612,0.4,0.5,0.333333,1.0
20260926,0.174545,0.570505,0.39596,0.694974,0.936127,0.241153,0.2,0.5,0.333333,1.0
20260927,0.265455,0.625051,0.359596,0.710861,0.97095,0.260089,0.3,0.5,0.166667,0.333333
20260928,0.213737,0.578586,0.364848,0.647962,0.946294,0.298332,0.3,0.5,1.0,1.0
20260929,0.190707,0.594343,0.403636,0.68975,0.969915,0.280165,0.3,0.6,0.5,1.0
20260930,0.178182,0.554747,0.376566,0.500879,0.952162,0.451283,0.1,0.3,0.142857,1.0
20260931,0.191919,0.553131,0.361212,0.596733,0.953898,0.357165,0.4,0.5,0.166667,0.5
20260932,0.152323,0.556768,0.404444,0.621973,0.935968,0.313995,0.3,0.3,0.333333,1.0
20260933,0.211717,0.60202,0.390303,0.593873,0.935438,0.341565,0.2,0.4,1.0,1.0
20260934,0.190707,0.60202,0.411313,0.645418,0.937913,0.292494,0.1,0.3,0.25,0.5
20260935,0.24202,0.578586,0.336566,0.685286,0.961718,0.276432,0.3,0.5,1.0,1.0
20260936,0.142626,0.530909,0.388283,0.718752,0.968076,0.249324,0.3,0.5,0.5,1.0
20260937,0.149091,0.54303,0.393939,0.750858,0.945568,0.194711,0.2,0.5,1.0,1.0
20260938,0.250909,0.633535,0.382626,0.739412,0.975521,0.236109,0.5,0.7,1.0,1.0
20260939,0.181414,0.604848,0.423434,0.784149,0.970051,0.185901,0.3,0.4,1.0,1.0
20260940,0.177374,0.551515,0.374141,0.727416,0.929925,0.202508,0.3,0.3,1.0,0.5
20260941,0.292121,0.633535,0.341414,0.847176,0.973017,0.125841,0.4,0.6,1.0,1.0
20260942,0.148687,0.551919,0.403232,0.611334,0.941997,0.330662,0.2,0.5,0.333333,1.0
20260943,0.216566,0.599192,0.382626,0.571083,0.962213,0.391129,0.2,0.5,0.5,1.0
20260944,0.142222,0.58101,0.438788,0.681305,0.934366,0.25306,0.4,0.5,1.0,1.0
20260945,0.201212,0.597172,0.39596,0.56108,0.954394,0.393314,0.3,0.5,0.25,0.5
20260946,0.208485,0.575758,0.367273,0.75508,0.975903,0.220822,0.4,0.6,1.0,1.0
20260947,0.236364,0.600404,0.36404,0.692757,0.961563,0.268806,0.4,0.5,0.5,1.0
20260948,0.187879,0.608485,0.420606,0.745656,0.948651,0.202995,0.3,0.5,1.0,0.5
20260949,0.233535,0.633131,0.399596,0.66755,0.980003,0.312452,0.5,0.7,0.5,1.0
20260950,0.265455,0.625859,0.360404,0.717915,0.955619,0.237704,0.3,0.4,0.5,1.0
20260951,0.159192,0.567273,0.408081,0.704695,0.952825,0.24813,0.1,0.4,0.5,1.0
20260952,0.274343,0.589899,0.315556,0.847228,0.965553,0.118325,0.5,0.5,0.5,1.0
20260953,0.149091,0.566465,0.417374,0.647709,0.94664,0.298931,0.4,0.4,0.25,1.0
20260954,0.255354,0.617778,0.362424,0.682022,0.955896,0.273874,0.2,0.3,1.0,0.5
20260955,0.176162,0.562424,0.386263,0.665537,0.932658,0.267121,0.3,0.4,0.5,0.5
20260956,0.179798,0.573737,0.393939,0.571393,0.946372,0.374979,0.0,0.3,0.076923,0.5
20260957,0.15798,0.558384,0.400404,0.632871,0.948753,0.315882,0.3,0.4,0.333333,1.0
20260958,0.245657,0.610505,0.364848,0.73002,0.957681,0.227661,0.4,0.4,0.5,1.0
20260959,0.19798,0.595556,0.397576,0.699355,0.9526,0.253245,0.3,0.3,0.5,1.0
20260960,0.191515,0.611717,0.420202,0.677532,0.956901,0.27937,0.2,0.5,0.5,1.0
20260961,0.191111,0.582222,0.391111,0.672313,0.975476,0.303162,0.3,0.5,0.5,1.0
20260962,0.162828,0.557172,0.394343,0.477265,0.951557,0.474292,0.1,0.4,0.142857,1.0
20260963,0.264242,0.609697,0.345455,0.721835,0.965917,0.244082,0.3,0.5,1.0,1.0
20260964,0.221414,0.564848,0.343434,0.590813,0.945388,0.354575,0.2,0.3,0.25,0.5
20260965,0.208485,0.607273,0.398788,0.725903,0.978743,0.252841,0.5,0.6,0.333333,1.0
20260966,0.277576,0.618182,0.340606,0.781091,0.954153,0.173061,0.2,0.3,0.333333,1.0
20260967,0.207677,0.565657,0.35798,0.58555,0.968697,0.383147,0.3,0.7,0.5,1.0
20260968,0.20202,0.603232,0.401212,0.717281,0.967555,0.250274,0.5,0.6,0.5,1.0
20260969,0.132121,0.562424,0.430303,0.71288,0.922926,0.210046,0.3,0.3,1.0,1.0
20260970,0.229495,0.589091,0.359596,0.630791,0.96362,0.332829,0.3,0.7,0.5,1.0
20260971,0.214949,0.621818,0.406869,0.711016,0.930756,0.21974,0.3,0.5,0.5,0.333333
20260972,0.176566,0.558384,0.381818,0.587388,0.974823,0.387435,0.3,0.6,0.333333,0.5
20260973,0.221818,0.589899,0.368081,0.546148,0.983444,0.437296,0.3,0.6,0.333333,1.0
20260974,0.227071,0.600808,0.373737,0.671766,0.972971,0.301205,0.5,0.5,0.333333,1.0
20260975,0.192323,0.547475,0.355152,0.68152,0.94772,0.2662,0.3,0.5,0.5,1.0
20260976,0.230707,0.62101,0.390303,0.695955,0.941241,0.245286,0.1,0.3,1.0,1.0
20260977,0.183838,0.550707,0.366869,0.700911,0.957409,0.256498,0.3,0.4,0.5,1.0
20260978,0.175758,0.56404,0.388283,0.805904,0.964353,0.158449,0.3,0.5,1.0,1.0
20260979,0.184242,0.525253,0.34101,0.612418,0.954355,0.341937,0.2,0.4,0.25,0.5
20260980,0.187071,0.566869,0.379798,0.598662,0.961946,0.363284,0.3,0.4,0.5,1.0
20260981,0.148283,0.563636,0.415354,0.624192,0.959486,0.335294,0.4,0.6,0.5,1.0
20260982,0.079596,0.507475,0.427879,0.642492,0.938014,0.295522,0.2,0.4,1.0,1.0
20260983,0.20404,0.589899,0.385859,0.697962,0.950569,0.252607,0.2,0.3,1.0,1.0
20260984,0.213737,0.602424,0.388687,0.805815,0.978378,0.172563,0.6,0.8,1.0,1.0
20260985,0.164848,0.558788,0.393939,0.529034,0.975443,0.446408,0.3,0.6,0.333333,1.0
20260986,0.205253,0.577374,0.372121,0.514959,0.950274,0.435314,0.2,0.6,0.5,0.5
20260987,0.205253,0.574545,0.369293,0.622192,0.919649,0.297458,0.2,0.3,0.166667,0.25
20260988,0.206465,0.587071,0.380606,0.724112,0.963083,0.23897,0.4,0.6,1.0,1.0
20260989,0.080808,0.524848,0.44404,0.801152,0.964974,0.163822,0.5,0.6,1.0,1.0
20260990,0.150303,0.526869,0.376566,0.665156,0.955582,0.290427,0.4,0.6,0.5,1.0
20260991,0.229495,0.59798,0.368485,0.735757,0.961644,0.225887,0.3,0.5,0.25,1.0
20260992,0.219798,0.609697,0.389899,0.606946,0.957646,0.3507,0.2,0.3,0.166667,1.0
20260993,0.194747,0.579798,0.385051,0.774147,0.98513,0.210982,0.4,0.7,1.0,1.0
20260994,0.17697,0.549091,0.372121,0.578585,0.957522,0.378937,0.4,0.6,0.333333,1.0
20260995,0.167677,0.548283,0.380606,0.632382,0.961232,0.328851,0.4,0.6,0.5,1.0
20260996,0.197172,0.575758,0.378586,0.581354,0.945161,0.363808,0.2,0.5,1.0,1.0
20260997,0.240404,0.595152,0.354747,0.660711,0.968064,0.307353,0.3,0.5,1.0,1.0
20260998,0.266263,0.603232,0.33697,0.787862,0.966586,0.178724,0.2,0.4,1.0,1.0
20260999,0.236768,0.605657,0.368889,0.748266,0.964933,0.216667,0.4,0.6,0.5,0.333333
20261000,0.183838,0.580606,0.396768,0.717462,0.938451,0.22099,0.2,0.4,0.5,0.5
20261001,0.145455,0.528081,0.382626,0.863695,0.96916,0.105465,0.5,0.6,0.5,1.0
20261002,0.202424,0.545051,0.342626,0.765479,0.973208,0.207729,0.6,0.7,1.0,1.0
20261003,0.205657,0.587879,0.382222,0.673778,0.950939,0.277161,0.2,0.4,0.5,1.0
20261004,0.240808,0.592727,0.351919,0.663574,0.952376,0.288802,0.4,0.5,0.5,1.0
20261005,0.176162,0.570909,0.394747,0.590628,0.973749,0.38312,0.3,0.7,0.142857,1.0
20261006,0.176162,0.600808,0.424646,0.744887,0.932181,0.187294,0.3,0.3,1.0,1.0
20261007,0.177778,0.590707,0.412929,0.705394,0.968228,0.262833,0.3,0.5,0.5,1.0
20261008,0.165253,0.58101,0.415758,0.588449,0.955172,0.366723,0.2,0.5,1.0,1.0
20261009,0.273535,0.631515,0.35798,0.761942,0.975704,0.213762,0.3,0.6,0.5,1.0
20261010,0.18101,0.591111,0.410101,0.566759,0.968347,0.401588,0.3,0.5,0.166667,1.0
20261011,0.212525,0.568889,0.356364,0.795509,0.960785,0.165276,0.5,0.6,0.333333,0.5
20261012,0.196768,0.547475,0.350707,0.805249,0.968679,0.163431,0.4,0.6,0.5,0.5
20261013,0.182222,0.589899,0.407677,0.672635,0.961871,0.289235,0.2,0.5,0.25,0.5
20261014,0.17697,0.562828,0.385859,0.529317,0.963496,0.434179,0.3,0.5,0.2,1.0
20261015,0.177778,0.550707,0.372929,0.655038,0.933031,0.277993,0.3,0.3,0.25,1.0
20261016,0.185051,0.574141,0.389091,0.690193,0.949771,0.259579,0.3,0.4,0.5,1.0
20261017,0.220606,0.585859,0.365253,0.617459,0.977702,0.360243,0.3,0.7,0.333333,1.0
20261018,0.200808,0.560808,0.36,0.654181,0.973785,0.319604,0.4,0.7,1.0,1.0
20261019,0.205657,0.591111,0.385455,0.706366,0.967662,0.261296,0.6,0.7,0.5,1.0
20261020,0.19596,0.562424,0.366465,0.498738,0.946671,0.447933,0.2,0.4,0.166667,0.5
20261021,0.221818,0.581414,0.359596,0.670601,0.970347,0.299747,0.2,0.6,1.0,1.0
20261022,0.203636,0.565657,0.36202,0.618666,0.943544,0.324877,0.3,0.4,0.5,1.0
20261023,0.220202,0.572525,0.352323,0.759223,0.964453,0.20523,0.4,0.6,1.0,1.0
20261024,0.154343,0.596768,0.442424,0.586167,0.921787,0.33562,0.3,0.5,0.2,1.0
20261025,0.147879,0.557576,0.409697,0.690708,0.920744,0.230036,0.3,0.4,0.5,1.0
20261026,0.233131,0.615354,0.382222,0.794722,0.961556,0.166834,0.3,0.4,0.333333,0.5
20261027,0.276364,0.603636,0.327273,0.670206,0.96448,0.294275,0.4,0.6,0.5,0.5
20261028,0.186263,0.561616,0.375354,0.643258,0.932891,0.289633,0.3,0.4,1.0,1.0
20261029,0.200404,0.549899,0.349495,0.642044,0.951185,0.309141,0.2,0.4,0.5,0.5
20261030,0.275556,0.646869,0.371313,0.520922,0.975577,0.454655,0.2,0.6,0.166667,1.0
20261031,0.21899,0.6,0.38101,0.726231,0.977578,0.251347,0.5,0.7,0.5,1.0
20261032,0.214949,0.573333,0.358384,0.709254,0.962312,0.253058,0.4,0.6,0.5,1.0
20261033,0.185455,0.575354,0.389899,0.79495,0.96068,0.16573,0.4,0.5,0.333333,1.0
20261034,0.234343,0.608889,0.374545,0.685957,0.971929,0.285972,0.3,0.6,0.2,1.0
20261035,0.228283,0.608889,0.380606,0.730835,0.939002,0.208167,0.3,0.3,1.0,1.0
20261036,0.174949,0.581414,0.406465,0.835397,0.949905,0.114508,0.5,0.6,1.0,1.0
20261037,0.24202,0.620606,0.378586,0.729997,0.964609,0.234611,0.3,0.6,1.0,1.0
20261038,0.177778,0.570505,0.392727,0.525058,0.941883,0.416825,0.1,0.5,0.5,1.0
20261039,0.124848,0.565657,0.440808,0.422208,0.907289,0.485081,0.0,0.2,0.083333,1.0
20261040,0.189899,0.589495,0.399596,0.686222,0.951725,0.265504,0.3,0.5,1.0,1.0
20261041,0.214141,0.600808,0.386667,0.661768,0.973119,0.311351,0.4,0.6,0.5,1.0
20261042,0.210101,0.582222,0.372121,0.670785,0.941869,0.271084,0.3,0.3,0.333333,1.0
20261043,0.163232,0.580202,0.41697,0.578005,0.978254,0.400249,0.3,0.5,0.2,1.0
20261044,0.253737,0.62101,0.367273,0.741878,0.958198,0.216319,0.4,0.5,1.0,1.0
20261045,0.193939,0.590303,0.396364,0.798766,0.950018,0.151252,0.4,0.6,1.0,1.0
20261046,0.211313,0.596364,0.385051,0.610563,0.93719,0.326627,0.3,0.3,0.333333,1.0
20261047,0.142222,0.56202,0.419798,0.57595,0.949671,0.373722,0.2,0.7,1.0,1.0
20261048,0.159596,0.573333,0.413737,0.495131,0.933892,0.438761,0.2,0.4,0.5,1.0
20261049,0.174949,0.577374,0.402424,0.585007,0.952274,0.367267,0.4,0.5,0.333333,1.0
20261050,0.135354,0.536162,0.400808,0.555181,0.923911,0.36873,0.2,0.5,0.5,1.0
20261051,0.202424,0.572525,0.370101,0.60317,0.951756,0.348586,0.3,0.4,0.5,1.0
20261052,0.206869,0.591515,0.384646,0.694339,0.961633,0.267294,0.3,0.4,0.25,1.0
20261053,0.244848,0.58303,0.338182,0.669641,0.960753,0.291112,0.2,0.5,1.0,1.0
20261054,0.156768,0.536162,0.379394,0.58334,0.951766,0.368427,0.4,0.6,0.5,1.0
20261055,0.214141,0.600404,0.386263,0.628462,0.950839,0.322377,0.3,0.5,0.333333,1.0
20261056,0.134141,0.537778,0.403636,0.526138,0.939837,0.413699,0.2,0.4,0.166667,1.0
20261057,0.229495,0.550707,0.321212,0.580223,0.954531,0.374309,0.2,0.6,0.333333,0.333333
20261058,0.179394,0.572525,0.393131,0.72783,0.965255,0.237425,0.4,0.7,1.0,1.0
20261059,0.200808,0.577778,0.37697,0.672852,0.949552,0.2767,0.5,0.6,0.5,1.0
20261060,0.214545,0.595152,0.380606,0.583815,0.943674,0.35986,0.3,0.4,0.5,1.0
20261061,0.216162,0.589495,0.373333,0.741054,0.938248,0.197195,0.3,0.3,0.25,0.333333
20261062,0.238384,0.608081,0.369697,0.601638,0.94258,0.340942,0.3,0.5,0.333333,1.0
20261063,0.190707,0.606869,0.416162,0.687653,0.970894,0.283241,0.4,0.5,0.5,1.0
20261064,0.213333,0.568081,0.354747,0.604444,0.97765,0.373207,0.3,0.6,0.5,1.0
20261065,0.141818,0.53899,0.397172,0.732456,0.955784,0.223328,0.3,0.5,1.0,1.0
20261066,0.119596,0.538586,0.41899,0.528037,0.936814,0.408776,0.2,0.4,0.142857,0.5
20261067,0.193131,0.578182,0.385051,0.888195,0.955365,0.06717,0.5,0.5,1.0,1.0
20261068,0.267475,0.603636,0.336162,0.677969,0.94108,0.263111,0.4,0.5,0.5,1.0
20261069,0.203232,0.587879,0.384646,0.724012,0.964741,0.240728,0.4,0.6,1.0,1.0
20261070,0.113131,0.563232,0.450101,0.777186,0.94576,0.168574,0.5,0.5,1.0,0.5
20261071,0.160808,0.573333,0.412525,0.578223,0.941577,0.363354,0.2,0.4,0.166667,1.0
20261072,0.200808,0.579798,0.37899,0.705464,0.966967,0.261502,0.3,0.7,1.0,1.0
20261073,0.245253,0.606061,0.360808,0.599067,0.965174,0.366107,0.3,0.5,0.25,1.0
20261074,0.288889,0.631515,0.342626,0.73605,0.968476,0.232426,0.3,0.4,0.5,1.0
20261075,0.126869,0.570101,0.443232,0.750457,0.919169,0.168712,0.3,0.4,0.333333,0.5
20261076,0.143434,0.537374,0.393939,0.673908,0.958122,0.284214,0.2,0.5,0.5,0.5
20261077,0.212929,0.571717,0.358788,0.709631,0.968117,0.258486,0.4,0.5,0.5,1.0
20261078,0.195152,0.547071,0.351919,0.62192,0.936364,0.314445,0.4,0.6,0.333333,1.0
20261079,0.228687,0.589091,0.360404,0.53861,0.965462,0.426852,0.2,0.5,0.2,1.0
20261080,0.20202,0.591919,0.389899,0.682803,0.968737,0.285934,0.4,0.5,0.5,1.0
20261081,0.214949,0.552727,0.337778,0.574441,0.955758,0.381317,0.3,0.4,0.166667,1.0
20261082,0.225051,0.599192,0.374141,0.655898,0.966471,0.310573,0.4,0.6,0.5,1.0
20261083,0.206061,0.586263,0.380202,0.675251,0.935386,0.260135,0.2,0.3,1.0,1.0
20261084,0.159596,0.589495,0.429899,0.695255,0.961185,0.26593,0.3,0.5,0.25,1.0
20261085,0.152323,0.579394,0.427071,0.544499,0.942502,0.398004,0.2,0.3,1.0,1.0
20261086,0.168081,0.551919,0.383838,0.718639,0.946164,0.227525,0.2,0.4,0.5,1.0
20261087,0.158788,0.585859,0.427071,0.778445,0.957566,0.179121,0.4,0.5,1.0,1.0
20261088,0.22303,0.607677,0.384646,0.620441,0.960912,0.340471,0.4,0.6,0.333333,1.0
20261089,0.239192,0.620606,0.381414,0.775507,0.96341,0.187902,0.3,0.6,1.0,1.0
20261090,0.212121,0.587071,0.374949,0.688643,0.973163,0.28452,0.5,0.5,0.25,1.0
20261091,0.240404,0.612121,0.371717,0.798969,0.963725,0.164756,0.4,0.5,1.0,1.0
20261092,0.210909,0.598788,0.387879,0.62729,0.927913,0.300623,0.2,0.3,0.5,1.0
20261093,0.212121,0.581414,0.369293,0.645774,0.934753,0.288979,0.3,0.5,0.166667,0.5
20261094,0.231919,0.616162,0.384242,0.637075,0.961347,0.324273,0.2,0.4,0.142857,0.5
20261095,0.18303,0.564444,0.381414,0.609011,0.944817,0.335806,0.2,0.5,0.5,1.0
20261096,0.228687,0.619394,0.390707,0.753226,0.965827,0.212601,0.5,0.5,1.0,1.0
20261097,0.174949,0.595152,0.420202,0.627199,0.962447,0.335248,0.2,0.5,0.333333,1.0
20261098,0.23596,0.609697,0.373737,0.593727,0.981312,0.387585,0.4,0.6,0.333333,1.0
20261099,0.255758,0.61697,0.361212,0.654916,0.959999,0.305083,0.4,0.5,0.5,1.0
20261100,0.161212,0.575354,0.414141,0.52397,0.981867,0.457897,0.3,0.8,0.5,1.0
20261101,0.158384,0.554343,0.39596,0.676649,0.945588,0.268939,0.4,0.4,0.5,1.0
20261102,0.236768,0.613333,0.376566,0.70646,0.976472,0.270012,0.5,0.6,0.5,1.0
20261103,0.189495,0.603636,0.414141,0.767201,0.957386,0.190185,0.3,0.3,0.5,1.0
20261104,0.218586,0.592323,0.373737,0.762261,0.973368,0.211107,0.5,0.7,1.0,1.0
20261105,0.181414,0.577778,0.396364,0.465888,0.957472,0.491584,0.0,0.5,0.083333,1.0
20261106,0.226667,0.631111,0.404444,0.719768,0.957874,0.238106,0.3,0.4,0.5,1.0
20261107,0.197576,0.585859,0.388283,0.797988,0.970689,0.172702,0.5,0.6,1.0,1.0
20261108,0.191919,0.583434,0.391515,0.634748,0.958737,0.323989,0.5,0.7,0.333333,1.0
20261109,0.201616,0.574141,0.372525,0.566825,0.952561,0.385737,0.2,0.4,0.25,1.0
20261110,0.18101,0.550707,0.369697,0.787304,0.946979,0.159674,0.2,0.4,0.25,1.0
20261111,0.216162,0.547879,0.331717,0.736721,0.969964,0.233243,0.4,0.6,0.5,1.0
20261112,0.13697,0.564444,0.427475,0.685756,0.904716,0.218959,0.3,0.3,1.0,1.0
20261113,0.144646,0.577374,0.432727,0.590398,0.959518,0.36912,0.4,0.4,0.333333,1.0
20261114,0.253737,0.587071,0.333333,0.798722,0.970983,0.172261,0.5,0.6,0.333333,1.0
20261115,0.231919,0.578182,0.346263,0.748827,0.948182,0.199356,0.3,0.4,1.0,1.0
20261116,0.148283,0.555556,0.407273,0.850177,0.945281,0.095104,0.4,0.5,1.0,1.0
20261117,0.256162,0.587071,0.330909,0.711956,0.9852,0.273244,0.4,0.7,1.0,1.0
20261118,0.198788,0.548687,0.349899,0.607349,0.934811,0.327463,0.1,0.2,0.111111,0.333333
20261119,0.150303,0.573737,0.423434,0.726805,0.935832,0.209027,0.3,0.4,1.0,1.0
20261120,0.245657,0.579394,0.333737,0.605951,0.96668,0.360728,0.4,0.6,0.25,1.0
20261121,0.247273,0.591919,0.344646,0.585483,0.939417,0.353933,0.2,0.3,0.333333,1.0
20261122,0.231515,0.587071,0.355556,0.822213,0.977837,0.155624,0.4,0.8,0.5,0.5
