lambda,ndcg@10,kendall_tau_b,precision@10,recovery_over_seller,recovery_hidden_gem,false_correction,mean_delta_over_seller,mean_delta_hidden_gem
0.0,0.6087019181794305,0.1701010101010101,0.5,0.0,0.0,0.0,0.0,0.0
0.05,0.6995883877296474,0.2,0.6,0.72,0.56,0.02,1.16,-1.0
0.1,0.797369287286831,0.23757575757575758,0.7,0.92,0.8,0.1,3.48,-2.64
0.15,0.8218926323619977,0.2698989898989899,0.7,0.96,0.88,0.26,5.24,-3.92
0.2,0.9104352569459925,0.30303030303030304,0.9,0.96,0.92,0.38,7.12,-5.16
0.25,0.9116748088124637,0.3393939393939394,0.9,1.0,0.92,0.52,9.12,-7.04
0.3,0.9437174336540417,0.381010101010101,0.9,1.0,0.96,0.56,11.64,-9.32
0.35,0.9440330795509966,0.42424242424242425,0.9,1.0,0.96,0.64,14.76,-11.8
0.4,0.9440330795509966,0.4626262626262626,0.9,1.0,0.96,0.64,17.64,-14.6
0.45,0.9440330795509966,0.5098989898989899,0.9,1.0,0.96,0.62,21.24,-18.24
0.5,0.9440330795509966,0.547070707070707,0.9,1.0,1.0,0.62,24.48,-21.4
0.55,0.9588037794889073,0.6028282828282828,1.0,1.0,1.0,0.62,29.2,-26.2
0.6,0.9601126767426632,0.6557575757575758,1.0,1.0,1.0,0.62,33.56,-30.4
0.65,0.967184478283537,0.7074747474747475,1.0,1.0,1.0,0.52,37.84,-35.0
0.7,0.9513513675700925,0.7337373737373737,0.9,1.0,1.0,0.54,40.52,-37.24
0.75,0.9523500176559329,0.7555555555555555,0.9,1.0,1.0,0.54,42.24,-38.88
0.8,0.9462757496569604,0.7684848484848484,0.8,1.0,1.0,0.52,43.44,-40.68
0.85,0.9505332309446952,0.7862626262626262,0.8,1.0,1.0,0.54,44.72,-42.48
0.9,0.9426508427613361,0.7878787878787878,0.8,1.0,1.0,0.58,46.16,-44.08
0.95,0.941475211720501,0.7903030303030303,0.8,1.0,1.0,0.68,48.28,-46.04
1.0,0.941475211720501,0.7858585858585858,0.8,1.0,1.0,0.68,48.6,-46.16
