candidate_id,case,competence,rank_before,rank_after,delta_rank,moved_up
1,A_over_seller,0.1709,40,52,12,False
2,A_over_seller,0.0595,38,74,36,False
3,A_over_seller,0.3316,16,38,22,False
4,A_over_seller,0.0715,49,80,31,False
5,A_over_seller,0.3289,6,29,23,False
6,A_over_seller,0.2696,33,41,8,False
7,A_over_seller,0.2477,30,46,16,False
8,A_over_seller,0.3836,3,30,27,False
9,A_over_seller,0.3201,10,31,21,False
10,A_over_seller,0.1108,21,66,45,False
11,A_over_seller,0.2068,22,45,23,False
12,A_over_seller,0.1343,45,70,25,False
13,A_over_seller,0.1371,31,59,28,False
14,A_over_seller,0.3423,11,39,28,False
15,A_over_seller,0.2491,25,43,18,False
16,A_over_seller,0.0709,50,83,33,False
17,A_over_seller,0.1984,17,50,33,False
18,A_over_seller,0.2312,36,55,19,False
19,A_over_seller,0.0549,42,73,31,False
20,A_over_seller,0.0718,46,67,21,False
21,A_over_seller,0.3147,4,28,24,False
22,A_over_seller,0.1724,28,51,23,False
23,A_over_seller,0.2907,15,37,22,False
24,A_over_seller,0.32,23,40,17,False
25,A_over_seller,0.2544,1,27,26,False
26,B_hidden_gem,0.9018,56,26,-30,True
27,B_hidden_gem,0.8154,70,49,-21,True
28,B_hidden_gem,0.8899,53,20,-33,True
29,B_hidden_gem,0.7942,87,54,-33,True
30,B_hidden_gem,0.6404,72,71,-1,True
31,B_hidden_gem,0.624,84,58,-26,True
32,B_hidden_gem,0.676,91,77,-14,True
33,B_hidden_gem,0.7337,61,47,-14,True
34,B_hidden_gem,0.8885,54,25,-29,True
35,B_hidden_gem,0.6037,77,68,-9,True
36,B_hidden_gem,0.6933,66,48,-18,True
37,B_hidden_gem,0.7728,64,36,-28,True
38,B_hidden_gem,0.6496,90,69,-21,True
39,B_hidden_gem,0.9444,48,16,-32,True
40,B_hidden_gem,0.9014,58,35,-23,True
41,B_hidden_gem,0.6492,71,57,-14,True
42,B_hidden_gem,0.708,96,65,-31,True
43,B_hidden_gem,0.6235,94,72,-22,True
44,B_hidden_gem,0.6943,82,62,-20,True
45,B_hidden_gem,0.8108,69,53,-16,True
46,B_hidden_gem,0.716,80,63,-17,True
47,B_hidden_gem,0.756,67,44,-23,True
48,B_hidden_gem,0.7425,79,61,-18,True
49,B_hidden_gem,0.7497,62,33,-29,True
50,B_hidden_gem,0.6338,73,60,-13,True
51,C_honest_strong,0.6498,41,15,-26,True
52,C_honest_strong,0.8901,2,1,-1,True
53,C_honest_strong,0.7852,27,11,-16,True
54,C_honest_strong,0.6942,43,17,-26,True
55,C_honest_strong,0.6097,47,34,-13,True
56,C_honest_strong,0.7136,29,18,-11,True
57,C_honest_strong,0.8822,8,5,-3,True
58,C_honest_strong,0.7942,34,14,-20,True
59,C_honest_strong,0.6073,24,21,-3,True
60,C_honest_strong,0.6452,20,12,-8,True
61,C_honest_strong,0.9221,5,2,-3,True
62,C_honest_strong,0.6336,37,24,-13,True
63,C_honest_strong,0.7458,32,13,-19,True
64,C_honest_strong,0.6679,39,23,-16,True
65,C_honest_strong,0.8554,7,6,-1,True
66,C_honest_strong,0.6259,52,32,-20,True
67,C_honest_strong,0.8729,18,4,-14,True
68,C_honest_strong,0.7499,35,19,-16,True
69,C_honest_strong,0.768,9,8,-1,True
70,C_honest_strong,0.84,12,9,-3,True
71,C_honest_strong,0.6323,26,22,-4,True
72,C_honest_strong,0.8662,14,3,-11,True
73,C_honest_strong,0.7764,13,7,-6,True
74,C_honest_strong,0.7026,19,10,-9,True
75,C_honest_strong,0.6284,44,42,-2,True
76,D_honest_weak,0.2883,76,82,6,False
77,D_honest_weak,0.3455,59,78,19,False
78,D_honest_weak,0.2308,89,90,1,False
79,D_honest_weak,0.174,65,86,21,False
80,D_honest_weak,0.2876,81,88,7,False
81,D_honest_weak,0.199,95,93,-2,True
82,D_honest_weak,0.3171,68,79,11,False
83,D_honest_weak,0.2261,78,85,7,False
84,D_honest_weak,0.09,99,100,1,False
85,D_honest_weak,0.3811,51,56,5,False
86,D_honest_weak,0.2038,93,89,-4,True
87,D_honest_weak,0.3035,74,84,10,False
88,D_honest_weak,0.0831,75,95,20,False
89,D_honest_weak,0.1414,83,91,8,False
90,D_honest_weak,0.1621,98,94,-4,True
91,D_honest_weak,0.2169,57,75,18,False
92,D_honest_weak,0.3041,55,64,9,False
93,D_honest_weak,0.2807,85,87,2,False
94,D_honest_weak,0.2864,60,81,21,False
95,D_honest_weak,0.1057,92,97,5,False
96,D_honest_weak,0.3016,63,76,13,False
97,D_honest_weak,0.0597,100,99,-1,True
98,D_honest_weak,0.2179,86,92,6,False
99,D_honest_weak,0.0564,88,96,8,False
100,D_honest_weak,0.1314,97,98,1,False
